id_cliente,nome,email,cidade,estado,data_nascimento,data_cadastro
c4da537c-1651-4dae-8486-7db30d67b366,Juliana Caldeira,garciastella@example.net,Fernandes do Norte,CE,1953-06-14,2023-02-16
3ec3068c-b3a1-4131-9573-ae2d8f9b34c9,Alexandre Lopes,peixotogabriela@example.org,Dias,SC,1974-10-09,2021-02-16
aac9912d-17bf-4b18-8b3c-354de7c834d3,Davi Lucas Vieira,da-rochalorena@example.net,da Luz de Melo,TO,1946-10-06,2022-11-08
7ba35975-cd2e-4163-858c-2e6e57ed22d0,Vinicius Nunes,apollo68@example.com,Moreira de Rios,PA,1969-09-30,2024-08-06
a53c4cc6-c111-4e2f-98eb-64120826c069,Bryan Mendonça,luigi55@example.net,Barbosa dos Dourados,MG,1983-04-08,2023-02-13
169179e2-9611-416c-b066-5bc3042cc7c2,Maria Clara Albuquerque,raul68@example.net,Porto,MA,1977-12-06,2022-03-31
2d768558-fb0d-4d65-bbdb-11b48b4ebb7f,Vitor Gabriel Macedo,dsa@example.org,Carvalho,PB,1957-05-29,2020-06-09
af59f4a0-5a1f-4977-8c83-fb4741a0f665,Pedro Henrique Porto,gabreu@example.net,Moraes,MS,1992-05-17,2021-01-05
02311144-e5c1-4682-aee6-372c15394bbe,Maria Flor Barbosa,ualves@example.com,Andrade de Sá,PI,1967-01-18,2023-10-13
a2d6654c-a39d-437d-8617-3fd3592e94c5,Otto Azevedo,estherrios@example.org,Pires,AL,1995-11-06,2024-09-02
25696171-4e60-4f9b-899b-fbfc63201a15,Lavínia Vasconcelos,ifreitas@example.net,Moreira do Campo,RS,1955-08-12,2023-07-19
22d1ee44-bdc9-4bf1-8fe2-e2e76ea37f12,Alícia Ferreira,vsousa@example.net,da Rosa de Lima,SE,1996-12-14,2020-07-01
df13b884-5329-488e-8586-f91e2898878d,Sophie Novais,carolinemontenegro@example.org,Câmara Verde,MT,1950-07-31,2022-07-28
3409a30d-3e44-4de9-819c-f976ee086a50,Dr. Miguel Aparecida,costamirella@example.org,Correia,GO,1982-09-07,2022-03-23
15700b61-5128-42aa-99a0-46d315c91d91,Sr. Vitor Carvalho,umonteiro@example.com,da Cunha,RR,2000-12-06,2025-03-05
65540577-572c-4eda-bc72-5b86ddfda704,Theodoro Cardoso,vieiramaya@example.com,Sales,AL,1968-10-20,2024-03-06
db15c5be-ab40-412e-b52a-bbd75ca19ddd,Luara Fogaça,manuelafernandes@example.org,Garcia,SE,1948-07-06,2023-10-15
d450c9dd-43f6-4250-801f-1dce6015f5af,Marcos Vinicius Freitas,da-rochajoaquim@example.com,Araújo das Flores,AL,1984-02-20,2023-07-25
92d2e210-772e-493a-9b82-e2bb4c6b6bce,Sra. Isabelly Ramos,cda-mata@example.net,da Cruz dos Dourados,PE,1983-05-22,2022-08-07
2ea50aaa-0c7c-497c-b471-5a6256515178,Antônio Lima,isiqueira@example.com,Melo,PI,1953-11-23,2023-01-12
f1164a7e-e43b-4b77-9ea9-f6a9ded6f134,Arthur Gabriel Martins,arthur56@example.org,da Cunha,MA,1955-09-12,2023-10-19
9b683076-0b1c-4dd2-accb-42305b8d5b42,Theo Rocha,miguelaparecida@example.com,Teixeira,SC,1980-05-30,2021-11-28
e052ba80-dd9c-42e0-bff5-6df24d813537,Heloisa da Paz,caldeiraluisa@example.net,Correia do Galho,AP,1987-07-05,2023-08-07
72d48e12-caa0-48fa-8c3a-8eb7680aadfc,Bento Nunes,pteixeira@example.com,Cassiano do Amparo,BA,1957-06-30,2022-01-22
099d503a-f8ef-4c41-bdc6-978bfa19013d,Gustavo Henrique Barbosa,aalves@example.com,Novaes do Sul,AL,2007-03-09,2022-05-10
da576fa5-e10e-4df5-a302-929ebb13b1a6,Lavínia Cirino,henry-gabriel45@example.org,Souza,MS,1997-10-03,2021-07-23
38d83f88-6a0e-4d35-b995-45f47744ecec,Maya Gonçalves,heloisabarbosa@example.com,da Paz,BA,1976-08-18,2021-03-02
ed2d411f-75c9-46b5-9f3b-ae7e2040258b,Sr. Pedro Miguel Moreira,alicia53@example.com,Caldeira,PE,2000-09-21,2021-01-24
bc737067-532a-4d79-aa18-6be997c3427c,Gustavo Gomes,larissacardoso@example.com,Abreu,CE,1997-12-10,2020-12-29
257b1284-1924-4125-8844-3ad454be109d,Raul Lopes,jadearaujo@example.org,Camargo,PB,1991-08-09,2021-01-10
5be30702-0a8a-4c29-ab18-f5d622636f17,Gabrielly da Costa,lorenafernandes@example.net,Borges,RO,1944-11-29,2022-09-28
587649a6-6695-48bd-ab4d-b47d53cf4d6b,Bento Araújo,camargotheo@example.com,Cardoso,PI,1998-03-14,2020-04-07
e5086fda-9acd-42f8-a288-3ec3c8f4f97c,Ísis da Luz,xnovais@example.com,Leão,AL,1985-04-10,2022-09-20
d77654dd-b0b3-4a9a-903f-cdac59901df9,Luiz Fernando Montenegro,ramosana-beatriz@example.org,Silveira da Serra,RN,1966-06-03,2024-01-16
98a9125b-bbc2-4410-9ac8-424fdc2ff9e1,Dra. Fernanda Guerra,correianoah@example.net,Lima do Amparo,MA,1988-09-24,2024-12-17
63256549-29d1-4dde-8b6f-f164fbac4e2f,José Pedro Siqueira,teixeiralorenzo@example.org,Cirino do Campo,BA,1992-11-17,2021-02-14
ea0e782d-e48c-4f28-9f0a-9bc7453c3bc4,Luiz Miguel Araújo,eloah24@example.com,Pinto,GO,1979-08-11,2024-12-20
88f17b09-aa8e-4b6c-9e8f-8ea9dd34a646,Lucas da Paz,lunna30@example.org,Pinto,AM,1996-06-24,2024-01-04
eda7ffc2-d14f-468f-a364-d5e0d65a2a5e,Sr. Davi Lucca Gomes,leaootto@example.org,Leão,BA,1998-11-26,2020-12-21
6bda7c4d-4445-43a5-893f-a5b02cb5f9f2,Mathias das Neves,alvesjoaquim@example.net,da Mata Verde,AL,1987-09-08,2024-11-18
4f71f2ef-e001-465e-b020-7746b6dd3191,Yan Viana,augusto24@example.com,Lima,DF,1978-02-12,2020-08-22
cc959c8e-ddb8-4352-90cf-3dfc6c3783a9,Enzo Gabriel Rios,novaespedro-miguel@example.org,Pacheco de Correia,MG,1983-01-03,2023-12-14
5d79003f-f05d-48b2-88e8-9185b60d5728,Henrique Borges,iaparecida@example.com,Costela,RO,1946-09-08,2021-08-03
193e9bc8-867b-4574-a4d1-a16fdaf5a8cf,Srta. Maria Sophia Siqueira,ypimenta@example.com,Ramos,RO,1971-10-20,2023-11-27
1659fdda-1a9b-44db-ae29-24f3a877af7e,Henrique Cassiano,ana-juliafonseca@example.net,Santos Paulista,MA,1972-03-24,2021-10-28
a92b5ba7-d85c-43c4-8775-b59988942028,Ayla Abreu,raquelteixeira@example.net,Marques,RS,1961-01-08,2024-12-12
4bd79f1f-5f25-48e5-878a-17d47aba0064,Maria Fernanda Ramos,stephany99@example.net,Costa da Serra,AL,1969-10-10,2020-09-14
cd5eb82d-7da7-443b-98c9-c5e295ff5a4f,Dr. Felipe Caldeira,da-conceicaohadassa@example.org,Teixeira,PR,1980-01-13,2022-03-25
8674940d-cbb3-4a7b-a08b-fea2e12d8b65,Lívia Dias,wviana@example.net,Fernandes do Amparo,CE,1960-04-09,2021-02-16
0d8033af-d733-4fe4-b677-77f3ba925d5b,Dra. Cecília Freitas,carvalhojuan@example.net,Rodrigues,RO,1971-06-11,2021-10-12
3fc015ea-e17a-4272-8ee3-bd95c579e945,Emilly Vargas,qmontenegro@example.org,Cassiano de da Mota,MS,1990-04-24,2024-07-21
111f9b79-398c-4712-b052-fea8a3721733,Olivia Gonçalves,calebe66@example.net,Duarte,PB,1975-10-29,2020-05-19
f8c92a8e-b6b4-4274-89ba-c08e1c953ea2,Dr. Lorenzo Vasconcelos,agathasales@example.net,Siqueira de Vargas,TO,1984-04-25,2023-02-28
2f457fe3-085c-4d22-bbca-bdbaaa6304fe,Pietro Costa,olima@example.org,Rezende Grande,GO,1968-07-08,2024-11-21
5893008b-124d-4121-ac94-8c104f8dfdd9,Benicio Campos,pietraalbuquerque@example.net,Moraes de Leão,MG,1992-03-09,2024-07-05
2ef6a3a9-303d-4409-8c6f-0bcd1069cf99,Sr. Lucas Sampaio,fsousa@example.org,Barbosa da Praia,PE,1969-10-26,2021-02-17
b1422e75-16f2-48a2-81d5-35fa322a43ad,Léo Cavalcanti,enzoazevedo@example.com,Siqueira de Lopes,PB,1992-11-22,2020-08-08
efa9925e-180b-434b-8d32-47c66a2404a1,Thiago Gonçalves,vsiqueira@example.com,Azevedo Alegre,RN,1956-11-17,2021-04-16
8005b7db-644f-4dbc-b1c3-ba1206e70d41,Sr. Gustavo da Paz,allana25@example.net,Fonseca de Câmara,PI,1995-07-31,2020-07-21
27dd1e33-d69f-4bf7-b88d-70649d9a2f00,Lucas da Costa,onovais@example.com,Costa,PB,1977-01-30,2023-01-27
769705e2-7269-4a0e-a05e-8bcd79dd2019,Pedro Henrique Silveira,emanuel67@example.org,Garcia Verde,RJ,1985-12-15,2024-10-08
0eaf4255-c634-43a9-bbaf-9d01211aeb82,Oliver Vieira,nrocha@example.com,Vasconcelos,MA,1956-03-02,2024-09-07
6ad0747e-b290-48d7-a875-66c83cc92597,Srta. Maria Isis Novaes,freitasmaria-flor@example.net,Cavalcante,MS,1991-11-14,2025-04-05
f78b0717-f6f3-4c58-a3c5-a1ea20dbeb49,Oliver Cassiano,mariada-mata@example.net,Pimenta,TO,1957-08-12,2022-10-13
0c977263-9815-482e-968c-7f3330f70a32,Gael Pimenta,lalves@example.org,Pinto da Serra,MT,1946-12-14,2021-02-11
372cadad-58f1-4696-8a91-caea3e4de3df,Erick Martins,gcavalcanti@example.net,Pereira,RO,1960-05-23,2021-02-15
3ccd9dc1-27e0-4b69-a414-75eb6a196532,Lorena Cavalcante,iteixeira@example.net,Sousa das Flores,AC,1986-02-22,2024-05-28
b9bc09bc-6e8f-473c-aee6-7c154f9802cd,Eduarda Nunes,matheusda-conceicao@example.com,Montenegro de Casa Grande,RO,1984-03-30,2021-12-09
3b7e1d72-2b2d-4983-8788-fa0828aae865,Bárbara Brito,luiz-gustavo07@example.net,da Conceição da Prata,RS,1998-10-01,2022-03-25
eb6b160b-6e8a-43ca-9ed3-372ecafc537b,Srta. Juliana da Cunha,vitor32@example.net,Correia,AC,1989-03-09,2021-01-11
fa249251-4d70-4a0b-834f-cfa968f96908,Ana Sophia Cirino,gduarte@example.org,Nogueira da Mata,AM,1996-01-10,2024-02-04
43db5f28-2434-4fed-863f-125ba31998aa,Sr. Pedro Lucas Souza,hda-rosa@example.net,Mendes de Ferreira,MS,2002-03-08,2021-04-26
f5c29e87-5bc0-45df-b97a-7f143b14b6c5,Sra. Juliana Oliveira,caldeiraantony@example.net,Freitas dos Dourados,PB,1970-08-16,2021-07-16
a60d5352-2def-4bb0-bd82-80a72daaa934,Lívia Costela,jsa@example.net,Sousa,SE,1973-05-29,2023-06-04
fe4c528e-4224-460d-a936-619a60aa479f,Maria Clara Vargas,snascimento@example.com,Santos,ES,1976-07-27,2022-03-06
279ebda6-3ac5-4a22-9909-d2c4ac83e7a6,Manuella Macedo,andre75@example.com,da Costa,AC,1961-12-03,2021-05-24
7dd4f47d-2ead-4483-8557-684acdacd85a,Emanuel da Costa,luiz-feliperamos@example.com,Novaes do Amparo,AL,1970-03-27,2025-01-19
c803ceca-f942-48f8-8278-29376b5c89b3,Dra. Lunna Vieira,domda-conceicao@example.net,Rezende de da Rosa,AP,2006-02-01,2023-05-18
471bce98-6add-4242-b6e7-c2722afe03dc,Ísis Souza,cpinto@example.org,Casa Grande,PB,1996-07-22,2023-11-25
7e8c0c1b-8481-4e36-9a5a-059e3aa43ba4,Marcelo Cardoso,pedro-miguelalmeida@example.net,Barbosa,PE,1980-11-11,2024-07-19
7f1daad9-a067-4a00-899b-724a7af3b364,Gael Duarte,ppires@example.org,Correia,AL,1989-06-04,2024-08-27
dd46b7e8-a056-4811-b1a7-3b96e1b789b0,João Lucas Melo,joao-guilherme86@example.com,da Cruz,BA,1949-07-02,2023-06-05
5d617e70-f501-4777-bb8d-3073a24557dc,Pedro Lucas Araújo,freitasbryan@example.net,Silveira Alegre,RS,1951-06-30,2021-09-19
c4b35d12-d2d3-4c03-b227-4866a2a53a58,Noah da Cruz,opastor@example.com,Pastor,MT,1963-06-07,2024-05-09
ad1b4042-c413-41fd-b38e-3d8295613275,Ryan Freitas,liam77@example.net,Ramos,BA,1954-01-29,2023-12-17
5c5158da-aaa6-4388-8caa-d71abd894543,Sabrina Ramos,ottofarias@example.org,Rezende,ES,1955-11-29,2021-05-04
23054c43-6f77-42c9-bf5d-cbb64318cb40,Sophie Garcia,msouza@example.org,Sousa,RS,1984-08-02,2022-03-11
28f7aeba-ab0a-4170-a8c1-13fcf4b74a7b,Benjamim Monteiro,barbara36@example.com,Nascimento,MA,1988-05-24,2023-06-30
2e5e4e9d-b16b-4268-b3e0-82ebfa935223,Mariana Cavalcanti,rael58@example.net,Cirino,SP,1974-01-11,2023-03-02
c82036ee-fbab-438d-b545-850ec6ff0c6f,Srta. Allana Monteiro,pintodanilo@example.com,Castro,RR,1950-10-03,2021-05-21
e166472d-30bd-44e7-a5bc-fc2655f7bbe9,Isaque Correia,luisaalmeida@example.org,Montenegro,DF,1976-09-21,2023-01-23
2a2ee8be-b13d-494d-a34d-4b478d7b0023,Sra. Pietra Pacheco,ianlima@example.org,Azevedo de Ribeiro,SC,1968-02-24,2020-11-15
959bd313-737b-471c-aa4f-55c92486205f,Isabel Novais,theocamara@example.org,Barros,GO,1996-06-15,2022-11-13
010fe9bc-3c28-4cf5-bdfe-6c1d18503549,Jade Freitas,igor38@example.com,Azevedo,RR,1994-07-06,2022-08-21
b1146e28-aba4-430b-85a8-6727143057ec,Stella Gonçalves,emillyfarias@example.com,Novais,PA,1977-04-20,2020-08-03
0e1e0685-c4aa-4db4-8849-37a812e75982,Carlos Eduardo Melo,hcosta@example.net,Novaes,SC,1989-05-29,2021-12-28
e78efda6-ba49-480d-98d3-4e74f6448f85,Davi Lucca Sampaio,ana-juliada-luz@example.org,Almeida de Borges,GO,2002-03-02,2024-07-10
aa6d06e2-6936-4bd1-8307-aca113c55bb2,Dra. Nicole Fernandes,cardosomaria-fernanda@example.net,Viana,RN,2006-05-27,2024-10-29
4f3231a6-9dee-4f9f-9846-dbfcec43fc63,Lunna Monteiro,lucca33@example.net,Dias de Barbosa,AP,1976-04-29,2022-05-15
b3095652-3c11-40a3-a526-d3fa720c6f52,Luana Duarte,isis98@example.net,Silveira,PE,1951-07-31,2023-12-30
7aff6f67-2388-49a5-a09d-0897aed82e1a,Cecilia Rios,hsilveira@example.com,da Cruz,AP,1951-01-04,2025-03-24
230bb52f-567e-4217-8813-9f5beec46dcc,Dr. Juan Barros,cauemoura@example.com,Lima do Norte,GO,2003-01-03,2022-02-28
8a9c23e3-ab8d-44a7-b633-394b4b40979b,Rafael Barbosa,pedro-henriquerocha@example.org,Cardoso Alegre,CE,1963-07-16,2020-12-12
3c42ad86-d275-4cbc-9b43-0b136759b0b3,Melissa Sá,anthony-gabrielda-rocha@example.net,Silva,ES,1974-01-26,2023-12-20
4fed353c-4bd2-4f16-9057-1e422bc92f15,Benjamin Silveira,luisacamara@example.org,Fonseca,MA,2001-07-27,2021-06-21
e4a1cd65-6c5d-453b-bc69-f76fe011c5cb,Dra. Ana Luiza Correia,bcavalcante@example.net,Campos,BA,1956-05-19,2024-12-19
88c16a48-eac5-4915-8c40-dc03da9c6efe,Alana Araújo,da-cruzmaria-flor@example.com,Cirino das Pedras,PR,1950-08-29,2020-06-20
fd2997d9-fa5d-4d8a-b172-cdefd854c1c5,Jade Cunha,opeixoto@example.com,Nascimento,CE,1956-01-22,2021-12-17
2d90da78-c939-4fc7-8ad0-b287e748c900,Allana Guerra,ana-sophiapimenta@example.com,Silveira de da Paz,TO,1953-12-01,2021-03-19
95b2ebc9-cd71-4818-b9c9-718fc4f97262,Lunna Barbosa,estherrios@example.net,Costela,MA,1978-04-14,2023-09-26
c15fe230-d9d8-4ec1-83c6-209d0918d300,Dra. Pietra Marques,noahgarcia@example.org,Ferreira do Campo,RS,1957-03-16,2021-12-10
c766ed20-867a-4dd4-b82d-68320b47d042,Vitória Souza,luiz-felipeda-luz@example.com,Sá da Serra,RJ,1951-04-11,2020-04-20
6f611d3c-42b5-4438-8f2e-c99e4fdf8163,Anna Liz Albuquerque,heloisa69@example.com,Martins do Amparo,MG,1954-08-23,2021-10-19
6e9aa9a3-eac9-4f0a-97b0-8b7df145cb34,Aurora Fonseca,cauesampaio@example.org,Cavalcanti do Campo,ES,1965-05-12,2023-05-17
92305f23-440f-47e8-8044-718296d2f24b,Leandro Nascimento,raquelmendes@example.net,da Rosa,MA,1963-08-07,2023-07-28
8a595d77-1067-4d80-a751-bc09079e204e,Luiz Henrique Siqueira,da-luzdiego@example.net,Aparecida,PI,2005-07-19,2024-07-31
84b7a941-75ab-4e31-9c7a-e533b00d2663,Davi Lucas da Paz,bruna86@example.com,Novais,DF,2005-02-15,2022-02-01
f9d5072c-7567-49dd-93e7-35adef3a8f25,Isabelly Almeida,vitor-hugoleao@example.net,Aragão de Fernandes,MA,1979-08-14,2020-07-11
e515be5a-2269-493f-bb1b-4b0d3285d009,Maria Clara Sales,ester58@example.com,Camargo,RS,1990-01-22,2025-03-29
538162fe-fa20-4a92-a7e2-88ae2da13c7e,Gabriel Moraes,theo74@example.net,Duarte,RO,1977-10-26,2023-03-21
b2d5cf37-6ca4-4318-bc47-1b64dce50d24,Dr. Samuel Araújo,garciajoao-lucas@example.net,Monteiro de Minas,GO,1963-10-19,2021-04-06
7e6b9903-f59b-4dc1-ad70-c0181fcbe350,Sr. Luiz Miguel Santos,pirespaulo@example.com,Lopes,AM,2007-03-30,2023-12-07
f5019fea-709e-4253-b4cf-b0310dffe24f,Srta. Sophie da Costa,cunharebeca@example.org,Aparecida,RS,1991-03-03,2020-04-18
fd238037-8c18-4d7e-b3aa-9c32fe4f2d79,Dante da Cruz,brayan83@example.com,Ferreira da Serra,MT,1947-07-04,2021-06-12
dbeb6610-3c9d-4907-ad30-7deb6dda7017,Camila da Mata,vargasstella@example.org,Novaes,SC,1986-01-26,2021-01-05
e1ce1860-ad85-4502-a781-b68c59c64418,Sra. Valentina Jesus,daragao@example.org,Pires,CE,1945-06-25,2023-07-28
3079f1df-e62b-49dd-972a-b034c4ebbd61,Valentim Teixeira,da-rochacaue@example.com,Vasconcelos de Nogueira,PB,1977-03-15,2022-11-28
6bbae527-21f6-4bd5-9798-5cc6fbb913c1,Isabela Camargo,gferreira@example.org,Duarte da Praia,BA,1968-05-07,2021-02-17
c5ff71c0-c0f7-4e36-8fc3-4a1ea3fc0b31,Antonella Martins,stephany55@example.net,Nunes de Barbosa,PI,1967-08-26,2020-07-08
bd0c1ac7-6800-4fa4-aa5a-a5262f2aa3ae,Sra. Milena Moreira,ana-liz58@example.com,Oliveira,PR,1967-02-17,2023-06-20
3cd8f51f-509e-47d0-86ac-f98314a5add6,Breno Cunha,leticia07@example.org,Farias de Araújo,AC,1975-02-02,2020-08-27
843dcb0c-65dd-4017-97e5-374f4ec80991,Luan Cirino,joao-felipe12@example.net,Fonseca,MT,1979-05-09,2021-11-22
d8d87be2-6100-41c1-9d44-81439c0d42e8,Luana Cunha,da-rochavalentim@example.org,da Mata Verde,TO,2005-08-05,2020-09-03
9ed26a16-3925-403d-9f62-c50718b81a97,Ana Júlia Vargas,jose-miguelgarcia@example.net,Dias,PA,1952-04-08,2022-09-22
af26f420-ecaf-47de-82fc-d2cc0dd5b640,Evelyn Cavalcanti,yago55@example.net,Leão dos Dourados,GO,1979-07-10,2020-11-05
4be37e32-6c65-41ba-8801-a33d048b7bac,Guilherme Rios,laura25@example.com,Cardoso Grande,CE,1986-04-03,2023-02-24
d5db971e-fb41-49d1-b0a3-d4d94f2bece5,Milena Moura,yasmin85@example.com,Sá do Galho,ES,1947-11-07,2023-06-11
ccf8691d-2cbf-4aef-8489-60bbad0ca637,Ana Clara Cassiano,azevedojose@example.org,Silva,PB,1955-03-04,2021-01-24
3b78ae37-bfb0-44af-abf7-4c82cf08871a,Sofia Aparecida,pereirapietra@example.org,Rios,AM,1971-01-28,2022-02-23
2f7c598e-7f16-44cf-b29c-4f279cce96d9,Brayan Melo,rodrigo19@example.com,Fonseca Alegre,RN,1946-10-24,2020-10-06
e17dcc19-a3c3-43e0-8487-e02fb3d194c9,Lara Nunes,cda-mata@example.com,Rodrigues das Flores,SC,1945-06-30,2022-12-12
42a44142-73a3-4309-bd93-f6a05d0fe63a,Maria Eduarda Cardoso,jesusasafe@example.org,Albuquerque de Melo,SC,1988-07-20,2024-02-20
eca8ad39-f8a2-4a57-834b-3fe4a25387ac,Otto Pires,qpastor@example.com,Nascimento de Fonseca,SE,1967-01-19,2023-06-07
e26362eb-4b48-47f1-9cf5-272eb7338e6f,Luna Nogueira,rebeca46@example.org,Peixoto,RN,1946-04-08,2021-11-01
518ea0a6-d236-4477-ae45-2176eebe885e,Rhavi Santos,enrico45@example.net,da Luz,RN,2003-03-27,2021-08-10
d4e1be63-4799-46a2-896a-f40ec372f229,Sr. Renan da Luz,novaesdaniela@example.org,Sousa do Norte,AL,1994-08-26,2023-10-19
9f91011c-8726-48bd-9619-c7c2a95487b1,Enrico Rezende,nicolasda-cunha@example.com,Sales,MS,1997-05-19,2020-05-29
9f019396-7917-45ff-80a4-a2a1df864117,Dr. Daniel Pacheco,npeixoto@example.net,da Costa Alegre,AP,1987-10-06,2022-09-27
68e1f969-6f27-4e6b-bdb3-eb75986597db,Srta. Julia Rios,guilhermefreitas@example.net,da Mota da Mata,ES,1965-11-22,2020-12-27
192ed8f5-b2e6-48fc-bba5-b2b7222d1ce7,Diego Araújo,fbarros@example.org,Melo,MG,1949-04-10,2020-11-16
4af5b6c4-916d-4eb4-9988-f89930b831e8,Dr. Brayan Novaes,giovannateixeira@example.com,Pacheco de Souza,SC,1977-11-19,2022-02-18
c5ee04b5-c5ef-4482-9773-e12f6d3af6a7,Sra. Maya Mendes,sousaisabel@example.com,Câmara Grande,RR,1974-03-17,2024-07-15
4c93c301-7ef3-43a5-84ee-f2cd77f63b0e,Raul Moura,mariah91@example.com,Barbosa Verde,GO,1946-10-13,2020-09-10
1c4c5816-b0c2-43ce-acdc-2b4006185a21,Joaquim Costa,casa-grandemirella@example.org,Siqueira,PB,1987-04-28,2020-12-28
1c26c209-dedb-4cf0-9209-890d75f2563f,Léo Macedo,dombarbosa@example.org,Sousa,MT,1994-10-16,2021-09-17
db551b0a-44f1-4847-815b-2291bfdd5c6a,Gael Dias,da-rochamaysa@example.org,Cunha,RO,1985-04-15,2023-02-09
76976b7b-654b-4cb3-bfd1-4affc2684c5c,Maya Costa,da-rochaian@example.org,da Paz,AP,1953-10-21,2020-08-12
c73035bc-b11e-4d33-a019-f3a46c40ff60,Clarice Lopes,esther69@example.com,Vargas,PR,1956-11-02,2024-03-05
c31bcd41-62e5-4bc7-8249-8a9ac2923495,Dr. Benjamin Gonçalves,yago46@example.net,da Cruz,AM,2002-09-22,2023-07-23
88b47fac-237b-421e-8b91-1ccddf1a9277,Enzo Gabriel Mendes,rafael75@example.com,da Mota de Câmara,SP,1974-10-18,2023-02-16
c0614f80-95aa-4c37-8e55-d4c379203665,Bella da Mata,ribeirorael@example.net,Aragão,RJ,1995-12-19,2021-10-17
b81302aa-3adc-4232-baea-9225ef6683a3,Ana Vitória Siqueira,kalbuquerque@example.net,Silveira de Porto,MT,2005-07-18,2021-06-11
8b6aa280-41ae-4309-b912-bbbaaa997513,Lucas Fogaça,aylasantos@example.org,da Cunha Paulista,MS,1959-01-17,2024-06-26
4708656e-da31-49d8-93e4-a3090b7166b1,Cecília Casa Grande,isaac16@example.com,Cavalcante de Goiás,RJ,2001-08-29,2022-03-14
7971775f-b7cc-4843-a613-1d11a3e3af40,Alice Pacheco,rodriguespedro-henrique@example.net,Marques da Praia,AC,1954-10-03,2024-01-08
21a0f012-4c7d-4d96-a866-59fa13533434,Lunna Jesus,lararodrigues@example.org,da Mata,RS,1998-02-07,2021-02-20
87cfb9a1-522d-4bc3-8274-2597d3d6fbc7,Bento Vasconcelos,mda-cunha@example.org,Pinto,AP,1987-11-14,2021-10-02
bc841044-65f7-4b93-aa0c-0256a94f3501,Murilo da Mata,sophiefonseca@example.org,Silva da Prata,MA,1998-03-12,2020-05-10
c89425c0-a76b-4538-99c5-d7e1cf0bc17f,Marcelo Albuquerque,ovieira@example.com,Azevedo,TO,1970-05-16,2023-04-12
cc4bbeef-2354-4e79-97fb-0d9d3677ab24,Valentim Pimenta,xsiqueira@example.net,Silveira,RJ,1996-08-29,2023-02-13
caa3ef5d-b7b3-4858-bd93-4656f12723ce,Paulo Campos,ateixeira@example.org,Silveira da Prata,ES,1950-09-22,2022-08-25
d182d5db-c7d6-4593-87c1-9e8471c29a92,José Duarte,lorenzo94@example.org,Sousa,PB,1950-09-06,2022-01-01
070c7e58-184d-485a-a1eb-3a1879444a3c,Lorena Moura,lorena32@example.net,Porto,BA,1999-02-21,2022-02-21
2872fd10-cf5e-47e3-b8e6-56f47d9ae6e1,Théo Rezende,nicolascamara@example.org,da Costa de Goiás,RN,2004-12-23,2020-11-27
82e36f0f-f0dd-4293-b506-6bdde0ecb055,Lavínia Aragão,cunhamaria-luiza@example.net,Pereira,MA,1946-02-17,2021-07-11
d25f2655-2b1f-4028-b823-f79043f81039,Pietro Leão,icunha@example.net,Alves,PR,1991-08-30,2023-05-30
1bbe8da4-625e-4f70-941f-8cc7c6fdf18b,José Vieira,jesusluiz-otavio@example.org,Pacheco,BA,1952-05-10,2024-07-16
69022def-ef04-4cfb-8acd-a9b62638c0c8,Laís Ferreira,camposbarbara@example.com,Cunha,MA,1966-01-08,2021-09-05
1ef2e829-f1af-4583-9728-6c4e218666b8,Larissa Machado,lorenamoura@example.org,Macedo,BA,1993-04-17,2021-06-24
f8278c43-7b18-4f2e-a5a8-29ae8b4d2569,Ravi Almeida,oaraujo@example.org,Araújo da Prata,SC,1962-04-29,2020-11-03
264194cc-2bad-49bc-816c-25c73d6ce523,Dra. Olívia Cardoso,icostela@example.org,Rios de Goiás,PA,1978-12-14,2022-10-14
233f5a63-bac4-4c3f-9266-5d9d9646dc20,Erick Brito,paulocassiano@example.org,Aragão,PB,1986-11-15,2021-09-02
379f58eb-68a8-45e3-9830-b95a80b35cb5,Sabrina Correia,tsilveira@example.org,Alves,AP,1969-07-06,2023-04-25
2334d508-7f72-41e9-ba7e-dfd1dbe71264,Fernando Gomes,nogueiraana-vitoria@example.org,Macedo,MG,2006-12-22,2023-03-12
bdaa3a55-5ff4-4aac-8334-8678c33bcd05,Alice Brito,gabrielada-rosa@example.com,Gonçalves,MT,2003-06-01,2020-10-02
4fe807ea-3621-4ea1-b161-0d59f57c8e8f,Letícia das Neves,agatha70@example.net,Andrade,RJ,1996-09-13,2020-09-06
b5802c6a-1be0-4a73-a641-21d9d5c27494,Valentina Freitas,pachecojoao-guilherme@example.net,Casa Grande,MT,2006-04-26,2023-03-17
78576647-375d-4116-88f1-e41d0caa5594,Srta. Laís Macedo,rochamaria-cecilia@example.com,Cunha de Azevedo,BA,1971-07-29,2021-02-13
27f744ba-cfa0-48c2-9188-40df9f22098f,Júlia Fogaça,mourajuliana@example.com,Campos Paulista,PE,1971-09-25,2021-10-31
c81eccf2-6c46-406e-b910-a53f26d32a6a,Ayla Aparecida,larissa67@example.com,Sá dos Dourados,MT,2000-06-10,2023-09-07
d5c45d34-3be1-4612-841c-03a22af058fa,Fernanda Alves,araujoantonella@example.org,Vargas,MG,1976-09-30,2023-04-24
448b9813-5d30-4855-9c90-497269079de6,Valentina Nascimento,anthony93@example.org,Cardoso,RJ,1974-09-30,2025-01-09
0846e4d2-013c-4b91-9a0f-371dccd4aa94,Kevin Nascimento,trezende@example.org,Silva,ES,1999-10-11,2024-12-20
5f533020-bd9c-445f-9866-2b8c8029b2e4,Bárbara Vieira,rleao@example.net,Aparecida,RS,1969-01-30,2021-12-06
82a1f18c-0c23-4b63-bec1-9f9ff425fa26,Maria Fernanda Alves,davi-miguel62@example.org,Fernandes do Campo,BA,1997-02-15,2024-01-23
465d23dd-eec9-4880-a1a8-0f17c4add9f5,Maysa Albuquerque,maria-clara47@example.net,Abreu,RO,1993-10-21,2024-08-29
aa7afabf-2b44-4425-afd0-14cce0f86421,Bianca Alves,eloaborges@example.com,Câmara do Oeste,MG,1950-11-27,2021-04-06
6db5c017-1c7c-4a33-9255-41907143e32d,Pedro Miguel Ramos,lucasmontenegro@example.org,Pereira,AM,1970-04-12,2020-06-10
b2454b47-8e9f-4237-a7c1-eb34c65e0d0d,Bruno Vargas,breno12@example.net,Rios do Oeste,ES,2006-01-05,2022-11-13
ea89099b-8b74-4fd2-8c9b-8a738adf7b54,André Ribeiro,olivianovais@example.net,Câmara do Oeste,GO,1972-07-11,2020-07-30
af05b387-4f7c-49fa-898a-7d2077234642,Ana Luiza Rodrigues,pachecobrenda@example.com,Sampaio do Sul,AP,1952-03-30,2022-08-28
d8b6e927-14d2-4d2b-b6c5-39e26ef7634e,Mateus Cirino,almeidacaua@example.com,da Mata,GO,1945-05-10,2024-02-28
7173cd3a-7953-4257-91c7-f6da04e2a0ec,Maria Luiza Viana,balbuquerque@example.net,Santos,AP,2001-04-12,2023-11-16
82655507-2771-4806-95f2-60c6484e1a78,Dr. Isaac Duarte,ana-clara26@example.net,Carvalho do Norte,AP,1945-05-12,2023-10-09
9ab91f01-914f-4a8a-ba93-11aaba81b070,Yago Sales,guerrabenicio@example.com,Nascimento,MG,1948-02-08,2024-04-01
38456c57-be1c-45f2-b630-6fc11d392550,Dra. Alícia Camargo,oalbuquerque@example.org,Guerra Paulista,MT,1975-12-17,2024-11-24
390d2065-c695-4ee7-ad2f-0750b362e76d,Maria Liz Sampaio,yjesus@example.com,Abreu de Castro,MG,1956-01-12,2020-06-17
19e487b8-cbb0-4434-b43d-21394485d7c0,Jade Sampaio,benjamim03@example.org,Porto,AM,2003-10-06,2023-01-04
7c62ada6-3f6f-4fec-b0ac-b7c15942ea28,Caleb Monteiro,kamillyvargas@example.net,Vieira,PR,1955-10-21,2022-05-18
3f24586d-e2dd-40a7-89b0-cbfe2d7f2f3e,Esther Jesus,kpeixoto@example.net,Rios de Borges,DF,1985-01-03,2025-03-01
fc661ce1-4486-4e04-8cfd-d13a61ddc908,Ana Liz Fonseca,oteixeira@example.org,Martins Alegre,BA,1952-11-08,2025-03-06
4b46d4be-e1ac-4d7b-bb0a-0b1703c17b4a,Juliana da Paz,cmarques@example.org,Nogueira,AP,1957-09-15,2022-07-15
f229cd7c-b5b7-480c-ac83-d4e5e3cb8642,Dr. Juan Cassiano,duarteana-liz@example.net,Silveira Grande,SE,1947-11-03,2023-02-11
bc85ce4b-4d0a-4d9d-a9e6-e73ef55a982c,Lara Monteiro,cavalcantialana@example.net,Carvalho,SE,1948-08-14,2023-04-26
2d97baa3-57b4-46ba-851b-4e4da923ca1d,Asafe Gomes,fdias@example.org,Pereira,DF,2000-09-06,2023-05-28
e84fb7e1-353c-4c71-a540-0b634ac5f855,Theodoro Caldeira,luiz-gustavogomes@example.org,Sampaio de Cavalcante,RR,1992-10-12,2024-01-27
c648593b-c6e0-433d-940b-32ef166f13be,Laura Araújo,japarecida@example.com,Teixeira,MA,2007-01-27,2022-06-13
e67e9935-95e4-4666-badc-f24741baf605,Gabriela Melo,diogo27@example.org,Fogaça de Cassiano,MT,1970-03-24,2022-08-09
2c146990-5e7a-4e15-ab83-8918b8fc3fad,Lorena Leão,martinsana@example.org,Farias de Minas,CE,1965-04-20,2020-08-18
ee9a6c57-a58d-402f-a801-328448a191bb,Isabela Rodrigues,rafaela12@example.net,Cirino,RR,2006-01-25,2020-10-19
60ee1775-d3ba-4080-b998-d5f81e46d7af,Dra. Giovanna Jesus,igorandrade@example.com,Peixoto,TO,1955-12-23,2023-03-02
bba62018-e536-4771-a2dc-be10e07cd46a,Mateus Martins,goncalvesdavi-lucas@example.com,Peixoto dos Dourados,MA,1961-08-26,2024-05-23
5a83116f-e7df-4db8-b883-b10d31e12938,Vitor Hugo Aparecida,das-nevesarthur-gabriel@example.org,da Conceição,MA,1983-04-19,2024-12-26
745e2b52-9459-41ba-9dfa-5ca0595b4783,João Gabriel Sampaio,alima@example.net,Silva de da Paz,DF,1998-03-11,2024-01-15
8f0fb292-1301-464f-a83c-27fad6a4bf98,Rafael Mendonça,dante39@example.org,Mendonça,AC,1946-08-26,2023-02-19
8cc58e63-75b7-40b1-9f53-c9e850a9fd35,Sra. Hellena Silveira,otavio69@example.com,Correia,BA,1978-11-07,2023-02-23
fec9d426-bc66-40a3-a38f-232dbc7f69bb,Matheus Sá,fernanda82@example.com,Souza,TO,1968-12-09,2024-09-30
f8d49b35-034a-4cce-b583-524679916e44,Dra. Mariane Aragão,monteiroliz@example.org,Almeida,MA,1952-02-23,2022-01-11
0cd975c7-0974-4947-a99d-e959cdaee8ae,Gustavo Dias,mouracaua@example.com,Costela Alegre,PB,1980-04-22,2023-06-24
c60f2f3e-8df8-4c47-bb2f-af671d10ce18,Isabella Freitas,saarthur-gabriel@example.net,Macedo,DF,1956-08-30,2025-01-04
598cccf2-12ef-4ad6-9f93-a9ac2adfcb13,João Felipe Costa,cassianoana@example.org,da Cunha de Araújo,DF,1982-04-20,2020-05-26
10a16e12-a178-4a7c-97fd-e240727ee130,Otto Albuquerque,rnascimento@example.net,Camargo,DF,1951-05-12,2023-02-11
bb114c14-4ab4-422d-8a7c-e118ef80c5c8,Evelyn Ramos,pedro-henriquecostela@example.com,Brito,ES,1980-11-12,2021-12-22
e0edbd77-6ec2-408f-b94a-31108a145fb5,Bella Aparecida,vitoriaalbuquerque@example.org,Silveira de Moura,AC,1992-08-22,2023-06-19
a9e3947c-7172-4686-b2ba-f9603d644382,Cauã Silva,kmacedo@example.net,Cardoso,MG,1968-05-19,2023-04-09
bd08ae4b-4b58-43f9-84a4-7178a65ab6b2,Dr. Carlos Eduardo Pimenta,mendoncamaya@example.org,Pimenta de Novaes,AC,1949-11-25,2023-01-21
6d4a4a11-7f91-48af-9bcb-50e7474f3213,Giovanna Cirino,lucca71@example.org,da Costa da Serra,ES,1986-09-23,2024-02-06
1d77716a-4ed1-40a0-abdd-23f6373fdf88,Henrique da Luz,maria-helena82@example.net,Nunes,PB,1997-11-01,2021-08-09
8194f292-dc3b-40bb-833b-78b74e54f725,Dr. Oliver Casa Grande,maria-fernandasouza@example.com,da Rosa,RS,1982-07-02,2023-06-13
bf2d3955-61c9-46fd-8624-c109bc62d55f,Anna Liz Vasconcelos,brayan42@example.com,Rodrigues,AL,1953-04-09,2023-03-01
e6c68d74-227d-4453-9e0e-01f8c3d8eaba,Joana Casa Grande,vcassiano@example.org,Pinto da Prata,PB,1980-05-27,2024-06-22
ebaed8d4-0b39-4b84-977a-38285103cdbd,Marcelo Sá,marinasouza@example.com,Alves de Brito,RR,1969-11-23,2022-05-11
81e03b7e-6ed2-4a89-93da-7a8a7fc6a280,Ana Lima,tpinto@example.net,Silva dos Dourados,SE,1972-04-23,2020-10-20
a36d7454-4dcc-4660-9175-9aea8da9e2ee,Melina Cirino,guilhermemoura@example.net,da Mata da Praia,SC,1985-09-23,2022-12-24
b1858f5c-686a-4abe-9e68-3a93f5b8424a,Renan Novaes,augusto72@example.com,Gomes de Brito,RN,2002-03-23,2023-12-28
0b4396b7-af16-4cb0-9b15-ce6f1207c158,Yuri Macedo,yleao@example.com,Nogueira,TO,1979-02-07,2021-05-02
c0d2b776-24a2-426d-8480-29471b683157,Mathias Martins,tmachado@example.com,Melo da Prata,RS,1950-11-24,2020-09-18
dd7dc1d8-8f79-4104-a0b7-987a4b5b34a3,Isabella da Costa,beatrizmacedo@example.net,da Cunha da Prata,MA,1988-10-05,2024-03-02
b3a0aa8b-b2ee-42ec-834d-6657cdb0f5bb,Dr. Bryan Andrade,jade86@example.com,da Conceição,RJ,2001-07-13,2023-01-12
ead38709-61e7-4714-8f08-ec9adf7b11d5,Luísa Nogueira,qpinto@example.org,Castro da Serra,PI,1945-10-09,2021-05-11
b869d3fd-105b-4b18-8dcd-a148d34cafc9,Davi Lucca Alves,nda-mota@example.net,da Mota,ES,1951-07-09,2021-07-29
b6825d20-6ff0-401a-a244-5746de1d77f0,Bruno Siqueira,valentimmoreira@example.net,Pacheco de Minas,RR,1944-11-13,2023-10-22
687c82e3-e2c4-4518-84b9-6ad7969a1af8,Ana Vitória Araújo,erickcaldeira@example.net,Rezende,SC,1984-04-24,2024-06-06
b8610a35-facf-4603-ab37-2ea0fa2bd64b,Josué Carvalho,erick22@example.net,Cirino,SC,2007-01-19,2023-04-05
1cc97d08-17b6-4e2b-98d2-d745e594b3d8,Vinicius Teixeira,evelyncastro@example.net,Fogaça,AC,1987-04-23,2024-12-04
dbed34bb-54f1-4e83-a0e5-d00d63566c48,Maria Sophia Carvalho,henrypeixoto@example.org,Santos de Casa Grande,PA,1999-08-17,2023-05-22
7785e876-71ee-44d9-9956-695f9c2c8985,Gustavo Correia,caiogomes@example.net,da Costa das Pedras,MG,2002-04-22,2022-04-30
cd4cc7a8-668f-46d0-b4f5-2520628e57f3,Isadora Cassiano,ottofonseca@example.org,Ramos,MS,1948-08-28,2020-06-25
f0b37668-5c88-44c1-aea0-e33ddf18ca3d,Ian Martins,jviana@example.org,Martins,PR,1962-06-25,2021-01-27
43bd471c-dbe7-4529-996f-97cc02182735,Sra. Heloisa Casa Grande,das-nevesevelyn@example.com,Moura,AC,1959-07-01,2023-05-23
941aafc1-f5f9-4c91-b6a7-2cc86d92aa2c,Lívia Duarte,sasofia@example.net,Jesus de Souza,MT,1980-08-28,2020-07-16
36b1de0b-cbdd-4793-b2cf-429bd0d09709,Thiago Oliveira,joao-miguelcampos@example.org,das Neves,MG,1985-06-08,2023-11-23
cacdc6f8-a2b1-4dfb-88b9-5a9d04df8d4c,Léo Rezende,correiaisabel@example.org,Freitas,PA,1982-02-08,2024-05-09
81f3e9d1-57a2-45e2-8389-7683721efc9f,Maria Júlia Machado,isis64@example.net,Fonseca da Mata,PE,1958-09-09,2024-03-09
23fdbcfe-0519-4efe-ad00-260d20f1f0da,Rodrigo da Conceição,thomas26@example.net,Duarte,AM,1974-02-01,2025-01-12
f339d5cf-4ee5-4c8b-a35a-154048b9c11c,Ana Carolina Vasconcelos,maya32@example.com,Rios,RJ,1967-05-08,2022-12-06
588d786a-c910-4ae6-b200-f5e578ec3486,Sr. Davi Barros,brenosa@example.net,Correia,AL,1989-01-10,2021-02-25
13f4f19c-0f5f-4e90-b8ca-00e14a959652,Srta. Isabella Siqueira,joao-gabriel72@example.com,Aparecida,SC,1949-03-13,2020-04-07
c74daa2d-560f-4afb-b21f-78a78c8caa1a,Carlos Eduardo Duarte,bianca58@example.net,Santos de Rios,CE,1998-07-27,2022-09-18
bb21ec68-7a8e-42d4-bf60-dd5cac0ded66,Dra. Ayla Sousa,rodriguesvalentina@example.com,Melo do Norte,CE,1993-07-17,2020-04-22
618f5234-8ddb-4f02-9956-8cb04059a559,Yuri Santos,icunha@example.org,Peixoto,PE,1992-10-25,2022-09-22
eeee4cee-2db8-4560-9a25-d6b377f95c3f,Maya Andrade,enogueira@example.com,Pacheco Verde,PB,1994-06-10,2024-01-25
d6b139a9-8724-4550-83f9-d1299bafcfec,Laura Carvalho,silvadavi-luiz@example.net,Moraes,TO,1973-04-09,2022-05-12
d0b05eaf-6ed9-4f6b-8037-b7ffd8c13eae,Bento Castro,maria-helenapastor@example.com,Martins Paulista,SE,1975-10-18,2023-07-25
590aa727-84e3-4815-b644-75f70a99ca56,Nathan Cavalcanti,amandacorreia@example.org,Macedo,SP,1966-08-05,2020-09-23
f5c9e12a-e43e-418c-bde5-da042d1a2266,Ana Júlia Albuquerque,rodrigonascimento@example.com,da Mata Paulista,TO,2006-04-17,2023-08-16
b5548407-f153-4139-ad4b-74deb7ae1e58,Sr. Erick Brito,manuellacavalcanti@example.net,Lima,PA,1996-07-10,2023-02-24
d982109c-4a9e-4c2b-9120-eb28b9e7a936,Yuri Albuquerque,araujoester@example.org,Leão do Oeste,PE,1975-06-23,2020-12-03
6dfe4958-13ea-41b2-8fb9-fe966e4b319e,Srta. Stephany Fonseca,beniciogarcia@example.net,Teixeira de Minas,AP,1959-08-02,2024-01-26
00173e21-72f3-470e-807d-855bf844e932,Gustavo Pinto,eloa58@example.com,Correia,MG,1962-02-06,2022-04-07
07d4c05d-5a9d-44a1-a172-53cb748fe9ec,Liz Correia,vitor-hugomoura@example.com,Ferreira,MT,1956-01-11,2023-08-09
28d79614-c5d1-459f-996e-58e7b9fd24b7,Luiz Henrique Aragão,eduardo41@example.com,Garcia,RS,1965-09-25,2022-03-17
0f715389-f710-40c4-b55d-0e04a751ac3b,Leandro Campos,da-conceicaomaya@example.net,Costela de Monteiro,GO,1974-02-19,2022-05-31
2c7b56e9-e031-43fc-a8c1-f2ba00d38c1d,Enzo Gabriel Barbosa,mariah55@example.net,Aparecida,PA,1960-01-17,2022-06-19
05b777bb-9d5f-4433-a0f2-8f4e6b22ad63,Alexandre da Luz,jose-pedrorocha@example.org,Almeida,MG,1961-07-25,2023-04-20
f4a37ddc-f75b-495f-a466-58db3ca3340f,Helena Fernandes,gnovaes@example.org,Abreu da Praia,PI,1993-02-02,2023-06-06
e83f2ded-3c4c-4017-8189-1c2024018987,Sra. Esther Ribeiro,zoe23@example.org,Albuquerque do Amparo,RO,1962-09-28,2024-12-26
7e90b8e9-1ea2-4362-bd55-698aa4acf207,Heloisa Costa,pastormanuella@example.org,Borges,GO,1965-11-01,2023-01-22
c68ef432-9d25-4abf-b521-446e42b171b0,Samuel Borges,kevinbarros@example.org,Gonçalves dos Dourados,SC,1965-09-11,2020-12-13
c67ca658-6aa2-4a66-97f0-8f30a89775ff,Dr. João Felipe Casa Grande,rochapedro-henrique@example.com,da Luz Paulista,MG,1960-05-09,2023-10-12
5c0eeab2-d4a7-4f06-8b3a-067013687e07,Dra. Amanda da Conceição,melina19@example.net,Vieira,MT,1954-11-24,2021-03-05
26f7cf34-b1a8-4b4d-a3f2-874c068a58f7,Alice Azevedo,asafe63@example.com,Cavalcanti,AM,1998-11-03,2022-08-16
e12e68ef-dee1-4486-96e2-4238fdf44fcd,Ana Carolina Castro,igor70@example.org,Andrade,AP,1986-03-15,2020-10-25
65406522-d8d6-4e95-a5b8-0eb3d7b255b5,João Miguel Correia,lpacheco@example.com,Casa Grande,SC,2005-08-15,2023-06-02
b6333720-af46-442c-ac99-9bd95152fc56,Ester Montenegro,raelteixeira@example.net,Martins,SP,1953-10-28,2023-04-20
05176168-5545-46d4-914c-4a5df7827e6f,Sra. Rebeca Alves,lda-cunha@example.org,Guerra,MS,1998-02-24,2022-01-17
acf8af87-a7dd-41c8-bc2b-0ac39cdc4651,Sr. Marcelo Cassiano,ana-julia28@example.net,Teixeira,MA,1998-01-05,2023-08-30
24d77603-48c3-483a-bbe9-587b5d17be0e,Manuela Gonçalves,benicioazevedo@example.net,da Mota da Prata,TO,1985-03-17,2021-10-03
45a96133-89d9-471c-bd41-11c6d3d92d9f,Ágatha Martins,cunhamaria-julia@example.org,Vasconcelos,PB,2001-06-30,2022-12-03
508dd584-e803-4c30-ac02-5be8aaae0712,Bárbara Pacheco,msilveira@example.com,Fogaça,AP,1989-01-05,2021-07-22
